Actor,Degree,Degree_Centrality,Betweenness_Centrality,Closeness_Centrality,Eigenvector_Centrality
אבי קושניר,2,0.017391304347826087,0.0,0.017391304347826087,2.4135754832898917e-59
אפרת בן צור,2,0.017391304347826087,0.0,0.017391304347826087,2.4135754832898917e-59
גיל פרנק,2,0.017391304347826087,0.0,0.017391304347826087,2.4135754832898917e-59
אריאל זילבר,1,0.008695652173913044,0.0,0.008695652173913044,1.1726541474288461e-77
יעל אלמוג,1,0.008695652173913044,0.0,0.008695652173913044,1.1726541474288461e-77
אסתר רדא,2,0.017391304347826087,0.0,0.017391304347826087,2.4135754832898917e-59
יחזקאל לזרוב,2,0.017391304347826087,0.0,0.017391304347826087,2.4135754832898917e-59
יעקב זדהדניאל,2,0.017391304347826087,0.0,0.017391304347826087,2.4135754832898917e-59
שושנה דמארי,2,0.017391304347826087,0.0,0.017391304347826087,2.4135754832898917e-59
שייקה אופיר,2,0.017391304347826087,0.0,0.017391304347826087,2.4135754832898917e-59
עמוס אריכא,2,0.017391304347826087,0.0,0.017391304347826087,2.4135754832898917e-59
זאב רווח,8,0.06956521739130435,0.0,0.09787234042553192,1.8075724355359167e-05
חני נחמיאס,8,0.06956521739130435,0.0,0.09787234042553192,1.8075724355359167e-05
אלי דנקר,8,0.06956521739130435,0.0,0.09787234042553192,1.8075724355359167e-05
אשר צרפתי,8,0.06956521739130435,0.0,0.09787234042553192,1.8075724355359167e-05
אלברט אילוז,8,0.06956521739130435,0.0,0.09787234042553192,1.8075724355359167e-05
שלמה וישינסקי,8,0.06956521739130435,0.0,0.09787234042553192,1.8075724355359167e-05
עזרא כפרי,14,0.12173913043478261,0.023798627002288332,0.14375000000000002,3.728160461961558e-05
יונה אליאן,8,0.06956521739130435,0.0,0.09787234042553192,1.8075724355359164e-05
יוסי גרבר,8,0.06956521739130435,0.0,0.09787234042553192,1.8075724355359164e-05
מוני מושונוב,12,0.10434782608695653,0.019221967963386728,0.13529411764705884,0.00013475157134415359
כרמל בתו,3,0.026086956521739132,0.0,0.10697674418604651,2.1337075433076207e-05
ליילה מלקוס,3,0.026086956521739132,0.0,0.10697674418604651,2.1337075433076207e-05
אייל שכטר,3,0.026086956521739132,0.0,0.08846153846153847,5.278754822543431e-06
לי את גליק,3,0.026086956521739132,0.0,0.08846153846153847,5.278754822543431e-06
גדעון שמר,3,0.026086956521739132,0.0,0.08846153846153847,5.278754822543431e-06
אניה בוקשטיין,9,0.0782608695652174,0.0,0.09583333333333334,0.00012680574552605784
שרון סטרימבן,9,0.0782608695652174,0.0,0.09583333333333334,0.00012680574552605784
מגי אזרזר,9,0.0782608695652174,0.0,0.09583333333333334,0.00012680574552605784
רועי אסף,9,0.0782608695652174,0.0,0.09583333333333334,0.00012680574552605784
יואב לוי,9,0.0782608695652174,0.0,0.09583333333333334,0.00012680574552605784
גל פרידמן,9,0.0782608695652174,0.0,0.09583333333333334,0.00012680574552605784
הלנה ירלובה,9,0.0782608695652174,0.0,0.09583333333333334,0.00012680574552605784
נטשה מנור,9,0.0782608695652174,0.0,0.09583333333333334,0.00012680574552605784
לירון לבו,9,0.0782608695652174,0.0,0.09583333333333334,0.00012680574552605784
חיים זנאתי,7,0.06086956521739131,0.0009153318077803204,0.06086956521739131,6.692944112488324e-21
הגר בן אשר,1,0.008695652173913044,0.0,0.03277591973244147,1.1110088491039194e-21
חיים בוזגלו,6,0.052173913043478265,0.0,0.053260869565217396,6.5347754678460365e-21
סמדר קילצ'ינסקי,6,0.052173913043478265,0.0,0.053260869565217396,6.5347754678460365e-21
עמוס לביא,6,0.052173913043478265,0.0,0.053260869565217396,6.5347754678460365e-21
צופית גרנט,6,0.052173913043478265,0.0,0.053260869565217396,6.5347754678460365e-21
דור צויגנבום,6,0.052173913043478265,0.0,0.053260869565217396,6.5347754678460365e-21
אבי גילאור,6,0.052173913043478265,0.0,0.053260869565217396,6.5347754678460365e-21
אימרי ביטון,1,0.008695652173913044,0.0,0.008695652173913044,1.1726541474288461e-77
ריימונד אמסלם,1,0.008695652173913044,0.0,0.008695652173913044,1.1726541474288461e-77
אביתר לזר,9,0.0782608695652174,0.0,0.10434782608695653,0.21640972312932638
מיכאל וייגל,9,0.0782608695652174,0.0,0.10434782608695653,0.21640972312932638
שלמה סדן,9,0.0782608695652174,0.0,0.10434782608695653,0.21640972312932638
רונן הרשקוביץ,18,0.1565217391304348,0.012356979405034326,0.1565217391304348,0.3962357926265869
אריאל כהן,9,0.0782608695652174,0.0,0.10434782608695653,0.21640972312932638
יעקב זדה דניאל,9,0.0782608695652174,0.0,0.10434782608695653,0.21640972312932638
יהודה גרובייס,9,0.0782608695652174,0.0,0.10434782608695653,0.21640972312932638
יוסי סגל,9,0.0782608695652174,0.0,0.10434782608695653,0.21640972312932638
אברהם סלקטר,9,0.0782608695652174,0.0,0.10434782608695653,0.21640972312932638
רוברט הניג,9,0.0782608695652174,0.0,0.10434782608695653,0.21640972312932638
אליאו בן זאב,9,0.0782608695652174,0.0,0.10434782608695653,0.21640972312932638
שי חי,9,0.0782608695652174,0.0,0.10434782608695653,0.21640972312932638
אבי גרייניק,9,0.0782608695652174,0.0,0.10434782608695653,0.21640972312932638
גילי שושן,9,0.0782608695652174,0.0,0.10434782608695653,0.21640972312932638
ארקדי דוכין,9,0.0782608695652174,0.0,0.10434782608695653,0.21640972312932638
ישי לפידות,9,0.0782608695652174,0.0,0.10434782608695653,0.21640972312932638
טיילור מלכוב,9,0.0782608695652174,0.0,0.10434782608695653,0.21640972312932638
ששי גז,9,0.0782608695652174,0.0,0.10434782608695653,0.21640972312932638
איציק שמלי,9,0.0782608695652174,0.0,0.10434782608695653,0.21640972312932638
יוסף שילוח,6,0.052173913043478265,0.0,0.05217391304347826,4.4900022262189866e-21
מוסקו אלקלעי,6,0.052173913043478265,0.0,0.05217391304347826,4.4900022262189866e-21
טליה שפירא,6,0.052173913043478265,0.0,0.05217391304347826,4.4900022262189866e-21
דורי בן זאב,6,0.052173913043478265,0.0,0.05217391304347826,4.4900022262189866e-21
מרדכי בן זאב,6,0.052173913043478265,0.0,0.05217391304347826,4.4900022262189866e-21
אבנר חזקיהו,6,0.052173913043478265,0.0,0.05217391304347826,4.4900022262189866e-21
מרים גבריאלי,6,0.052173913043478265,0.0,0.05217391304347826,4.4900022262189866e-21
הילה וידור,1,0.008695652173913044,0.0,0.011594202898550725,3.1765256154642213e-69
תום אבני,2,0.017391304347826087,0.00015255530129672007,0.017391304347826087,4.492285606615045e-69
הילה סעדה,1,0.008695652173913044,0.0,0.011594202898550725,3.1765256154642213e-69
יעקב בודו,6,0.052173913043478265,0.0,0.05217391304347826,4.4900022262189866e-21
רחל דיין,6,0.052173913043478265,0.0,0.05217391304347826,4.4900022262189866e-21
יעקב אלפרין,6,0.052173913043478265,0.0,0.05217391304347826,4.4900022262189866e-21
אירית מאירי,6,0.052173913043478265,0.0,0.05217391304347826,4.4900022262189866e-21
יהודית קרוננפלד,6,0.052173913043478265,0.0,0.05217391304347826,4.4900022262189866e-21
אריקה פייפר,6,0.052173913043478265,0.0,0.05217391304347826,4.4900022262189866e-21
קרול פלדמן,6,0.052173913043478265,0.0,0.05217391304347826,4.4900022262189866e-21
נעה בירון,1,0.008695652173913044,0.0,0.008695652173913044,1.1726541474288461e-77
נטע שפיגלמן,1,0.008695652173913044,0.0,0.008695652173913044,1.1726541474288461e-77
דובי גל,3,0.026086956521739132,0.0,0.02608695652173913,2.378425174157279e-46
ניצה שאול,3,0.026086956521739132,0.0,0.02608695652173913,2.378425174157279e-46
אורי בנאי,3,0.026086956521739132,0.0,0.02608695652173913,2.378425174157279e-46
מריה אובנוב,3,0.026086956521739132,0.0,0.02608695652173913,2.378425174157279e-46
ג'ולי הגרטי,4,0.034782608695652174,0.0,0.034782608695652174,2.850564326209741e-36
עמוס קולק,4,0.034782608695652174,0.0,0.034782608695652174,2.850564326209741e-36
דודו טופז,4,0.034782608695652174,0.0,0.034782608695652174,2.850564326209741e-36
אביבה גר,4,0.034782608695652174,0.0,0.034782608695652174,2.850564326209741e-36
שמואל שילה,4,0.034782608695652174,0.0,0.034782608695652174,2.850564326209741e-36
יוסי מרשק,2,0.017391304347826087,0.0,0.017391304347826087,2.4135754832898917e-59
שמואל קלדרון,2,0.017391304347826087,0.0,0.017391304347826087,2.4135754832898917e-59
סמנתה אגר,2,0.017391304347826087,0.0,0.017391304347826087,2.4135754832898917e-59
ג'ון בנג'מין היקי,5,0.043478260869565216,0.0,0.043478260869565216,4.895312656141714e-28
ניב ניסים,5,0.043478260869565216,0.0,0.043478260869565216,4.895312656141714e-28
ליהי קורנובסקי,5,0.043478260869565216,0.0,0.043478260869565216,4.895312656141714e-28
מיקי קם,5,0.043478260869565216,0.0,0.043478260869565216,4.895312656141714e-28
עמרי לוקאס,5,0.043478260869565216,0.0,0.043478260869565216,4.895312656141714e-28
תמיר גינזבורג,5,0.043478260869565216,0.0,0.043478260869565216,4.895312656141714e-28
אורי פפר,3,0.026086956521739132,0.0,0.02608695652173913,2.378425174157279e-46
שלומי קוריאט,3,0.026086956521739132,0.0,0.02608695652173913,2.378425174157279e-46
טלי שרון,3,0.026086956521739132,0.0,0.02608695652173913,2.378425174157279e-46
נתי קלוגר,3,0.026086956521739132,0.0,0.02608695652173913,2.378425174157279e-46
דניאל ליטמן,1,0.008695652173913044,0.0,0.008695652173913044,1.1726541474288461e-77
עדי גילת,1,0.008695652173913044,0.0,0.008695652173913044,1.1726541474288461e-77
עוז זהבי,1,0.008695652173913044,0.0,0.008695652173913044,1.1726541474288461e-77
והינה ג'יוקנטה,1,0.008695652173913044,0.0,0.008695652173913044,1.1726541474288461e-77
רחל טטרקו,4,0.034782608695652174,0.0,0.034782608695652174,2.850564326209741e-36
דוד רם,4,0.034782608695652174,0.0,0.034782608695652174,2.850564326209741e-36
יצחק בנש,4,0.034782608695652174,0.0,0.034782608695652174,2.850564326209741e-36
מרגלית שמיט,4,0.034782608695652174,0.0,0.034782608695652174,2.850564326209741e-36
ששון סער,4,0.034782608695652174,0.0,0.034782608695652174,2.850564326209741e-36
דן שפירא,1,0.008695652173913044,0.0,0.008695652173913044,1.1726541474288461e-77
אלון אבוטבול,1,0.008695652173913044,0.0,0.008695652173913044,1.1726541474288461e-77
