Source,Target,Weight,First_CoStar_Year,Movies,Years
אבי קושניר,אפרת בן צור,1,2016,"אווה (סרט, 2016)",2016
אבי קושניר,גיל פרנק,1,2016,"אווה (סרט, 2016)",2016
אפרת בן צור,גיל פרנק,1,2016,"אווה (סרט, 2016)",2016
אריאל זילבר,יעל אלמוג,1,1996,אושר ללא גבול,1996
אסתר רדא,יחזקאל לזרוב,1,2016,אשת השגריר,2016
אסתר רדא,יעקב זדהדניאל,1,2016,אשת השגריר,2016
יחזקאל לזרוב,יעקב זדהדניאל,1,2016,אשת השגריר,2016
שושנה דמארי,שייקה אופיר,1,1956,באין מולדת,1956
שושנה דמארי,עמוס אריכא,1,1956,באין מולדת,1956
שייקה אופיר,עמוס אריכא,1,1956,באין מולדת,1956
זאב רווח,חני נחמיאס,1,1987,בובה (סרט),1987
זאב רווח,אלי דנקר,1,1987,בובה (סרט),1987
זאב רווח,אשר צרפתי,1,1987,בובה (סרט),1987
זאב רווח,אלברט אילוז,1,1987,בובה (סרט),1987
זאב רווח,שלמה וישינסקי,1,1987,בובה (סרט),1987
זאב רווח,עזרא כפרי,1,1987,בובה (סרט),1987
זאב רווח,יונה אליאן,1,1987,בובה (סרט),1987
זאב רווח,יוסי גרבר,1,1987,בובה (סרט),1987
חני נחמיאס,אלי דנקר,1,1987,בובה (סרט),1987
חני נחמיאס,אשר צרפתי,1,1987,בובה (סרט),1987
חני נחמיאס,אלברט אילוז,1,1987,בובה (סרט),1987
חני נחמיאס,שלמה וישינסקי,1,1987,בובה (סרט),1987
חני נחמיאס,עזרא כפרי,1,1987,בובה (סרט),1987
חני נחמיאס,יונה אליאן,1,1987,בובה (סרט),1987
חני נחמיאס,יוסי גרבר,1,1987,בובה (סרט),1987
אלי דנקר,אשר צרפתי,1,1987,בובה (סרט),1987
אלי דנקר,אלברט אילוז,1,1987,בובה (סרט),1987
אלי דנקר,שלמה וישינסקי,1,1987,בובה (סרט),1987
אלי דנקר,עזרא כפרי,1,1987,בובה (סרט),1987
אלי דנקר,יונה אליאן,1,1987,בובה (סרט),1987
אלי דנקר,יוסי גרבר,1,1987,בובה (סרט),1987
אשר צרפתי,אלברט אילוז,1,1987,בובה (סרט),1987
אשר צרפתי,שלמה וישינסקי,1,1987,בובה (סרט),1987
אשר צרפתי,עזרא כפרי,1,1987,בובה (סרט),1987
אשר צרפתי,יונה אליאן,1,1987,בובה (סרט),1987
אשר צרפתי,יוסי גרבר,1,1987,בובה (סרט),1987
אלברט אילוז,שלמה וישינסקי,1,1987,בובה (סרט),1987
אלברט אילוז,עזרא כפרי,1,1987,בובה (סרט),1987
אלברט אילוז,יונה אליאן,1,1987,בובה (סרט),1987
אלברט אילוז,יוסי גרבר,1,1987,בובה (סרט),1987
שלמה וישינסקי,עזרא כפרי,1,1987,בובה (סרט),1987
שלמה וישינסקי,יונה אליאן,1,1987,בובה (סרט),1987
שלמה וישינסקי,יוסי גרבר,1,1987,בובה (סרט),1987
עזרא כפרי,יונה אליאן,1,1987,בובה (סרט),1987
עזרא כפרי,יוסי גרבר,1,1987,בובה (סרט),1987
עזרא כפרי,מוני מושונוב,1,2000,בסמה מוצ'ו (סרט),2000
עזרא כפרי,כרמל בתו,1,2000,בסמה מוצ'ו (סרט),2000
עזרא כפרי,ליילה מלקוס,1,2000,בסמה מוצ'ו (סרט),2000
עזרא כפרי,אייל שכטר,1,1996,לנגד עיניים מערביות,1996
עזרא כפרי,לי את גליק,1,1996,לנגד עיניים מערביות,1996
עזרא כפרי,גדעון שמר,1,1996,לנגד עיניים מערביות,1996
יונה אליאן,יוסי גרבר,1,1987,בובה (סרט),1987
מוני מושונוב,כרמל בתו,1,2000,בסמה מוצ'ו (סרט),2000
מוני מושונוב,ליילה מלקוס,1,2000,בסמה מוצ'ו (סרט),2000
מוני מושונוב,אניה בוקשטיין,1,2022,כל מה שאני יכולה,2022
מוני מושונוב,שרון סטרימבן,1,2022,כל מה שאני יכולה,2022
מוני מושונוב,מגי אזרזר,1,2022,כל מה שאני יכולה,2022
מוני מושונוב,רועי אסף,1,2022,כל מה שאני יכולה,2022
מוני מושונוב,יואב לוי,1,2022,כל מה שאני יכולה,2022
מוני מושונוב,גל פרידמן,1,2022,כל מה שאני יכולה,2022
מוני מושונוב,הלנה ירלובה,1,2022,כל מה שאני יכולה,2022
מוני מושונוב,נטשה מנור,1,2022,כל מה שאני יכולה,2022
מוני מושונוב,לירון לבו,1,2022,כל מה שאני יכולה,2022
כרמל בתו,ליילה מלקוס,1,2000,בסמה מוצ'ו (סרט),2000
חיים זנאתי,הגר בן אשר,1,2007,ג'וליה מיה,2007
חיים זנאתי,חיים בוזגלו,1,2005,דיסטורשן (סרט),2005
חיים זנאתי,סמדר קילצ'ינסקי,1,2005,דיסטורשן (סרט),2005
חיים זנאתי,עמוס לביא,1,2005,דיסטורשן (סרט),2005
חיים זנאתי,צופית גרנט,1,2005,דיסטורשן (סרט),2005
חיים זנאתי,דור צויגנבום,1,2005,דיסטורשן (סרט),2005
חיים זנאתי,אבי גילאור,1,2005,דיסטורשן (סרט),2005
חיים בוזגלו,סמדר קילצ'ינסקי,1,2005,דיסטורשן (סרט),2005
חיים בוזגלו,עמוס לביא,1,2005,דיסטורשן (סרט),2005
חיים בוזגלו,צופית גרנט,1,2005,דיסטורשן (סרט),2005
חיים בוזגלו,דור צויגנבום,1,2005,דיסטורשן (סרט),2005
חיים בוזגלו,אבי גילאור,1,2005,דיסטורשן (סרט),2005
סמדר קילצ'ינסקי,עמוס לביא,1,2005,דיסטורשן (סרט),2005
סמדר קילצ'ינסקי,צופית גרנט,1,2005,דיסטורשן (סרט),2005
סמדר קילצ'ינסקי,דור צויגנבום,1,2005,דיסטורשן (סרט),2005
סמדר קילצ'ינסקי,אבי גילאור,1,2005,דיסטורשן (סרט),2005
עמוס לביא,צופית גרנט,1,2005,דיסטורשן (סרט),2005
עמוס לביא,דור צויגנבום,1,2005,דיסטורשן (סרט),2005
עמוס לביא,אבי גילאור,1,2005,דיסטורשן (סרט),2005
צופית גרנט,דור צויגנבום,1,2005,דיסטורשן (סרט),2005
צופית גרנט,אבי גילאור,1,2005,דיסטורשן (סרט),2005
דור צויגנבום,אבי גילאור,1,2005,דיסטורשן (סרט),2005
אימרי ביטון,ריימונד אמסלם,1,2024,הבית ברחוב פין (סרט),2024
אביתר לזר,מיכאל וייגל,1,2003,הנקמה היהודית (סדרת סרטים),2003
אביתר לזר,שלמה סדן,1,2003,הנקמה היהודית (סדרת סרטים),2003
אביתר לזר,רונן הרשקוביץ,1,2003,הנקמה היהודית (סדרת סרטים),2003
אביתר לזר,אריאל כהן,1,2003,הנקמה היהודית (סדרת סרטים),2003
אביתר לזר,יעקב זדה דניאל,1,2003,הנקמה היהודית (סדרת סרטים),2003
אביתר לזר,יהודה גרובייס,1,2003,הנקמה היהודית (סדרת סרטים),2003
אביתר לזר,יוסי סגל,1,2003,הנקמה היהודית (סדרת סרטים),2003
אביתר לזר,אברהם סלקטר,1,2003,הנקמה היהודית (סדרת סרטים),2003
אביתר לזר,רוברט הניג,1,2003,הנקמה היהודית (סדרת סרטים),2003
מיכאל וייגל,שלמה סדן,1,2003,הנקמה היהודית (סדרת סרטים),2003
מיכאל וייגל,רונן הרשקוביץ,1,2003,הנקמה היהודית (סדרת סרטים),2003
מיכאל וייגל,אריאל כהן,1,2003,הנקמה היהודית (סדרת סרטים),2003
מיכאל וייגל,יעקב זדה דניאל,1,2003,הנקמה היהודית (סדרת סרטים),2003
מיכאל וייגל,יהודה גרובייס,1,2003,הנקמה היהודית (סדרת סרטים),2003
מיכאל וייגל,יוסי סגל,1,2003,הנקמה היהודית (סדרת סרטים),2003
מיכאל וייגל,אברהם סלקטר,1,2003,הנקמה היהודית (סדרת סרטים),2003
מיכאל וייגל,רוברט הניג,1,2003,הנקמה היהודית (סדרת סרטים),2003
שלמה סדן,רונן הרשקוביץ,1,2003,הנקמה היהודית (סדרת סרטים),2003
שלמה סדן,אריאל כהן,1,2003,הנקמה היהודית (סדרת סרטים),2003
שלמה סדן,יעקב זדה דניאל,1,2003,הנקמה היהודית (סדרת סרטים),2003
שלמה סדן,יהודה גרובייס,1,2003,הנקמה היהודית (סדרת סרטים),2003
שלמה סדן,יוסי סגל,1,2003,הנקמה היהודית (סדרת סרטים),2003
שלמה סדן,אברהם סלקטר,1,2003,הנקמה היהודית (סדרת סרטים),2003
שלמה סדן,רוברט הניג,1,2003,הנקמה היהודית (סדרת סרטים),2003
רונן הרשקוביץ,אריאל כהן,1,2003,הנקמה היהודית (סדרת סרטים),2003
רונן הרשקוביץ,יעקב זדה דניאל,1,2003,הנקמה היהודית (סדרת סרטים),2003
רונן הרשקוביץ,יהודה גרובייס,1,2003,הנקמה היהודית (סדרת סרטים),2003
רונן הרשקוביץ,יוסי סגל,1,2003,הנקמה היהודית (סדרת סרטים),2003
רונן הרשקוביץ,אברהם סלקטר,1,2003,הנקמה היהודית (סדרת סרטים),2003
רונן הרשקוביץ,רוברט הניג,1,2003,הנקמה היהודית (סדרת סרטים),2003
רונן הרשקוביץ,אליאו בן זאב,1,2026,התכשיט,2026
רונן הרשקוביץ,שי חי,1,2026,התכשיט,2026
רונן הרשקוביץ,אבי גרייניק,1,2026,התכשיט,2026
רונן הרשקוביץ,גילי שושן,1,2026,התכשיט,2026
רונן הרשקוביץ,ארקדי דוכין,1,2026,התכשיט,2026
רונן הרשקוביץ,ישי לפידות,1,2026,התכשיט,2026
רונן הרשקוביץ,טיילור מלכוב,1,2026,התכשיט,2026
רונן הרשקוביץ,ששי גז,1,2026,התכשיט,2026
רונן הרשקוביץ,איציק שמלי,1,2026,התכשיט,2026
אריאל כהן,יעקב זדה דניאל,1,2003,הנקמה היהודית (סדרת סרטים),2003
אריאל כהן,יהודה גרובייס,1,2003,הנקמה היהודית (סדרת סרטים),2003
אריאל כהן,יוסי סגל,1,2003,הנקמה היהודית (סדרת סרטים),2003
אריאל כהן,אברהם סלקטר,1,2003,הנקמה היהודית (סדרת סרטים),2003
אריאל כהן,רוברט הניג,1,2003,הנקמה היהודית (סדרת סרטים),2003
יעקב זדה דניאל,יהודה גרובייס,1,2003,הנקמה היהודית (סדרת סרטים),2003
יעקב זדה דניאל,יוסי סגל,1,2003,הנקמה היהודית (סדרת סרטים),2003
יעקב זדה דניאל,אברהם סלקטר,1,2003,הנקמה היהודית (סדרת סרטים),2003
יעקב זדה דניאל,רוברט הניג,1,2003,הנקמה היהודית (סדרת סרטים),2003
יהודה גרובייס,יוסי סגל,1,2003,הנקמה היהודית (סדרת סרטים),2003
יהודה גרובייס,אברהם סלקטר,1,2003,הנקמה היהודית (סדרת סרטים),2003
יהודה גרובייס,רוברט הניג,1,2003,הנקמה היהודית (סדרת סרטים),2003
יוסי סגל,אברהם סלקטר,1,2003,הנקמה היהודית (סדרת סרטים),2003
יוסי סגל,רוברט הניג,1,2003,הנקמה היהודית (סדרת סרטים),2003
אברהם סלקטר,רוברט הניג,1,2003,הנקמה היהודית (סדרת סרטים),2003
אליאו בן זאב,שי חי,1,2026,התכשיט,2026
אליאו בן זאב,אבי גרייניק,1,2026,התכשיט,2026
אליאו בן זאב,גילי שושן,1,2026,התכשיט,2026
אליאו בן זאב,ארקדי דוכין,1,2026,התכשיט,2026
אליאו בן זאב,ישי לפידות,1,2026,התכשיט,2026
אליאו בן זאב,טיילור מלכוב,1,2026,התכשיט,2026
אליאו בן זאב,ששי גז,1,2026,התכשיט,2026
אליאו בן זאב,איציק שמלי,1,2026,התכשיט,2026
שי חי,אבי גרייניק,1,2026,התכשיט,2026
שי חי,גילי שושן,1,2026,התכשיט,2026
שי חי,ארקדי דוכין,1,2026,התכשיט,2026
שי חי,ישי לפידות,1,2026,התכשיט,2026
שי חי,טיילור מלכוב,1,2026,התכשיט,2026
שי חי,ששי גז,1,2026,התכשיט,2026
שי חי,איציק שמלי,1,2026,התכשיט,2026
אבי גרייניק,גילי שושן,1,2026,התכשיט,2026
אבי גרייניק,ארקדי דוכין,1,2026,התכשיט,2026
אבי גרייניק,ישי לפידות,1,2026,התכשיט,2026
אבי גרייניק,טיילור מלכוב,1,2026,התכשיט,2026
אבי גרייניק,ששי גז,1,2026,התכשיט,2026
אבי גרייניק,איציק שמלי,1,2026,התכשיט,2026
גילי שושן,ארקדי דוכין,1,2026,התכשיט,2026
גילי שושן,ישי לפידות,1,2026,התכשיט,2026
גילי שושן,טיילור מלכוב,1,2026,התכשיט,2026
גילי שושן,ששי גז,1,2026,התכשיט,2026
גילי שושן,איציק שמלי,1,2026,התכשיט,2026
ארקדי דוכין,ישי לפידות,1,2026,התכשיט,2026
ארקדי דוכין,טיילור מלכוב,1,2026,התכשיט,2026
ארקדי דוכין,ששי גז,1,2026,התכשיט,2026
ארקדי דוכין,איציק שמלי,1,2026,התכשיט,2026
ישי לפידות,טיילור מלכוב,1,2026,התכשיט,2026
ישי לפידות,ששי גז,1,2026,התכשיט,2026
ישי לפידות,איציק שמלי,1,2026,התכשיט,2026
טיילור מלכוב,ששי גז,1,2026,התכשיט,2026
טיילור מלכוב,איציק שמלי,1,2026,התכשיט,2026
ששי גז,איציק שמלי,1,2026,התכשיט,2026
יוסף שילוח,מוסקו אלקלעי,1,1975,חגיגה לעיניים,1975
יוסף שילוח,טליה שפירא,1,1975,חגיגה לעיניים,1975
יוסף שילוח,דורי בן זאב,1,1975,חגיגה לעיניים,1975
יוסף שילוח,מרדכי בן זאב,1,1975,חגיגה לעיניים,1975
יוסף שילוח,אבנר חזקיהו,1,1975,חגיגה לעיניים,1975
יוסף שילוח,מרים גבריאלי,1,1975,חגיגה לעיניים,1975
מוסקו אלקלעי,טליה שפירא,1,1975,חגיגה לעיניים,1975
מוסקו אלקלעי,דורי בן זאב,1,1975,חגיגה לעיניים,1975
מוסקו אלקלעי,מרדכי בן זאב,1,1975,חגיגה לעיניים,1975
מוסקו אלקלעי,אבנר חזקיהו,1,1975,חגיגה לעיניים,1975
מוסקו אלקלעי,מרים גבריאלי,1,1975,חגיגה לעיניים,1975
טליה שפירא,דורי בן זאב,1,1975,חגיגה לעיניים,1975
טליה שפירא,מרדכי בן זאב,1,1975,חגיגה לעיניים,1975
טליה שפירא,אבנר חזקיהו,1,1975,חגיגה לעיניים,1975
טליה שפירא,מרים גבריאלי,1,1975,חגיגה לעיניים,1975
דורי בן זאב,מרדכי בן זאב,1,1975,חגיגה לעיניים,1975
דורי בן זאב,אבנר חזקיהו,1,1975,חגיגה לעיניים,1975
דורי בן זאב,מרים גבריאלי,1,1975,חגיגה לעיניים,1975
מרדכי בן זאב,אבנר חזקיהו,1,1975,חגיגה לעיניים,1975
מרדכי בן זאב,מרים גבריאלי,1,1975,חגיגה לעיניים,1975
אבנר חזקיהו,מרים גבריאלי,1,1975,חגיגה לעיניים,1975
הילה וידור,תום אבני,1,2019,ככה את אוהבת,2019
תום אבני,הילה סעדה,1,2026,שמיים וארץ (סרט),2026
אניה בוקשטיין,שרון סטרימבן,1,2022,כל מה שאני יכולה,2022
אניה בוקשטיין,מגי אזרזר,1,2022,כל מה שאני יכולה,2022
אניה בוקשטיין,רועי אסף,1,2022,כל מה שאני יכולה,2022
אניה בוקשטיין,יואב לוי,1,2022,כל מה שאני יכולה,2022
אניה בוקשטיין,גל פרידמן,1,2022,כל מה שאני יכולה,2022
אניה בוקשטיין,הלנה ירלובה,1,2022,כל מה שאני יכולה,2022
אניה בוקשטיין,נטשה מנור,1,2022,כל מה שאני יכולה,2022
אניה בוקשטיין,לירון לבו,1,2022,כל מה שאני יכולה,2022
שרון סטרימבן,מגי אזרזר,1,2022,כל מה שאני יכולה,2022
שרון סטרימבן,רועי אסף,1,2022,כל מה שאני יכולה,2022
שרון סטרימבן,יואב לוי,1,2022,כל מה שאני יכולה,2022
שרון סטרימבן,גל פרידמן,1,2022,כל מה שאני יכולה,2022
שרון סטרימבן,הלנה ירלובה,1,2022,כל מה שאני יכולה,2022
שרון סטרימבן,נטשה מנור,1,2022,כל מה שאני יכולה,2022
שרון סטרימבן,לירון לבו,1,2022,כל מה שאני יכולה,2022
מגי אזרזר,רועי אסף,1,2022,כל מה שאני יכולה,2022
מגי אזרזר,יואב לוי,1,2022,כל מה שאני יכולה,2022
מגי אזרזר,גל פרידמן,1,2022,כל מה שאני יכולה,2022
מגי אזרזר,הלנה ירלובה,1,2022,כל מה שאני יכולה,2022
מגי אזרזר,נטשה מנור,1,2022,כל מה שאני יכולה,2022
מגי אזרזר,לירון לבו,1,2022,כל מה שאני יכולה,2022
רועי אסף,יואב לוי,1,2022,כל מה שאני יכולה,2022
רועי אסף,גל פרידמן,1,2022,כל מה שאני יכולה,2022
רועי אסף,הלנה ירלובה,1,2022,כל מה שאני יכולה,2022
רועי אסף,נטשה מנור,1,2022,כל מה שאני יכולה,2022
רועי אסף,לירון לבו,1,2022,כל מה שאני יכולה,2022
יואב לוי,גל פרידמן,1,2022,כל מה שאני יכולה,2022
יואב לוי,הלנה ירלובה,1,2022,כל מה שאני יכולה,2022
יואב לוי,נטשה מנור,1,2022,כל מה שאני יכולה,2022
יואב לוי,לירון לבו,1,2022,כל מה שאני יכולה,2022
גל פרידמן,הלנה ירלובה,1,2022,כל מה שאני יכולה,2022
גל פרידמן,נטשה מנור,1,2022,כל מה שאני יכולה,2022
גל פרידמן,לירון לבו,1,2022,כל מה שאני יכולה,2022
הלנה ירלובה,נטשה מנור,1,2022,כל מה שאני יכולה,2022
הלנה ירלובה,לירון לבו,1,2022,כל מה שאני יכולה,2022
נטשה מנור,לירון לבו,1,2022,כל מה שאני יכולה,2022
יעקב בודו,רחל דיין,1,1982,כשנותנים - קח!,1982
יעקב בודו,יעקב אלפרין,1,1982,כשנותנים - קח!,1982
יעקב בודו,אירית מאירי,1,1982,כשנותנים - קח!,1982
יעקב בודו,יהודית קרוננפלד,1,1982,כשנותנים - קח!,1982
יעקב בודו,אריקה פייפר,1,1982,כשנותנים - קח!,1982
יעקב בודו,קרול פלדמן,1,1982,כשנותנים - קח!,1982
רחל דיין,יעקב אלפרין,1,1982,כשנותנים - קח!,1982
רחל דיין,אירית מאירי,1,1982,כשנותנים - קח!,1982
רחל דיין,יהודית קרוננפלד,1,1982,כשנותנים - קח!,1982
רחל דיין,אריקה פייפר,1,1982,כשנותנים - קח!,1982
רחל דיין,קרול פלדמן,1,1982,כשנותנים - קח!,1982
יעקב אלפרין,אירית מאירי,1,1982,כשנותנים - קח!,1982
יעקב אלפרין,יהודית קרוננפלד,1,1982,כשנותנים - קח!,1982
יעקב אלפרין,אריקה פייפר,1,1982,כשנותנים - קח!,1982
יעקב אלפרין,קרול פלדמן,1,1982,כשנותנים - קח!,1982
אירית מאירי,יהודית קרוננפלד,1,1982,כשנותנים - קח!,1982
אירית מאירי,אריקה פייפר,1,1982,כשנותנים - קח!,1982
אירית מאירי,קרול פלדמן,1,1982,כשנותנים - קח!,1982
יהודית קרוננפלד,אריקה פייפר,1,1982,כשנותנים - קח!,1982
יהודית קרוננפלד,קרול פלדמן,1,1982,כשנותנים - קח!,1982
אריקה פייפר,קרול פלדמן,1,1982,כשנותנים - קח!,1982
אייל שכטר,לי את גליק,1,1996,לנגד עיניים מערביות,1996
אייל שכטר,גדעון שמר,1,1996,לנגד עיניים מערביות,1996
לי את גליק,גדעון שמר,1,1996,לנגד עיניים מערביות,1996
נעה בירון,נטע שפיגלמן,1,2017,מונטנה (סרט),2017
דובי גל,ניצה שאול,1,1996,מי האבא?,1996
דובי גל,אורי בנאי,1,1996,מי האבא?,1996
דובי גל,מריה אובנוב,1,1996,מי האבא?,1996
ניצה שאול,אורי בנאי,1,1996,מי האבא?,1996
ניצה שאול,מריה אובנוב,1,1996,מי האבא?,1996
אורי בנאי,מריה אובנוב,1,1996,מי האבא?,1996
ג'ולי הגרטי,עמוס קולק,1,1985,מניו יורק באהבה,1985
ג'ולי הגרטי,דודו טופז,1,1985,מניו יורק באהבה,1985
ג'ולי הגרטי,אביבה גר,1,1985,מניו יורק באהבה,1985
ג'ולי הגרטי,שמואל שילה,1,1985,מניו יורק באהבה,1985
עמוס קולק,דודו טופז,1,1985,מניו יורק באהבה,1985
עמוס קולק,אביבה גר,1,1985,מניו יורק באהבה,1985
עמוס קולק,שמואל שילה,1,1985,מניו יורק באהבה,1985
דודו טופז,אביבה גר,1,1985,מניו יורק באהבה,1985
דודו טופז,שמואל שילה,1,1985,מניו יורק באהבה,1985
אביבה גר,שמואל שילה,1,1985,מניו יורק באהבה,1985
יוסי מרשק,שמואל קלדרון,1,2014,מנפאואר (סרט),2014
יוסי מרשק,סמנתה אגר,1,2014,מנפאואר (סרט),2014
שמואל קלדרון,סמנתה אגר,1,2014,מנפאואר (סרט),2014
ג'ון בנג'מין היקי,ניב ניסים,1,2020,סאבלט (סרט),2020
ג'ון בנג'מין היקי,ליהי קורנובסקי,1,2020,סאבלט (סרט),2020
ג'ון בנג'מין היקי,מיקי קם,1,2020,סאבלט (סרט),2020
ג'ון בנג'מין היקי,עמרי לוקאס,1,2020,סאבלט (סרט),2020
ג'ון בנג'מין היקי,תמיר גינזבורג,1,2020,סאבלט (סרט),2020
ניב ניסים,ליהי קורנובסקי,1,2020,סאבלט (סרט),2020
ניב ניסים,מיקי קם,1,2020,סאבלט (סרט),2020
ניב ניסים,עמרי לוקאס,1,2020,סאבלט (סרט),2020
ניב ניסים,תמיר גינזבורג,1,2020,סאבלט (סרט),2020
ליהי קורנובסקי,מיקי קם,1,2020,סאבלט (סרט),2020
ליהי קורנובסקי,עמרי לוקאס,1,2020,סאבלט (סרט),2020
ליהי קורנובסקי,תמיר גינזבורג,1,2020,סאבלט (סרט),2020
מיקי קם,עמרי לוקאס,1,2020,סאבלט (סרט),2020
מיקי קם,תמיר גינזבורג,1,2020,סאבלט (סרט),2020
עמרי לוקאס,תמיר גינזבורג,1,2020,סאבלט (סרט),2020
אורי פפר,שלומי קוריאט,1,1980,סנולנד,1980
אורי פפר,טלי שרון,1,1980,סנולנד,1980
אורי פפר,נתי קלוגר,1,1980,סנולנד,1980
שלומי קוריאט,טלי שרון,1,1980,סנולנד,1980
שלומי קוריאט,נתי קלוגר,1,1980,סנולנד,1980
טלי שרון,נתי קלוגר,1,1980,סנולנד,1980
דניאל ליטמן,עדי גילת,1,2022,עד שתחזור (סרט),2022
עוז זהבי,והינה ג'יוקנטה,1,2013,פרדייס קרוז,2013
רחל טטרקו,דוד רם,1,1960,רחל (סרט),1960
רחל טטרקו,יצחק בנש,1,1960,רחל (סרט),1960
רחל טטרקו,מרגלית שמיט,1,1960,רחל (סרט),1960
רחל טטרקו,ששון סער,1,1960,רחל (סרט),1960
דוד רם,יצחק בנש,1,1960,רחל (סרט),1960
דוד רם,מרגלית שמיט,1,1960,רחל (סרט),1960
דוד רם,ששון סער,1,1960,רחל (סרט),1960
יצחק בנש,מרגלית שמיט,1,1960,רחל (סרט),1960
יצחק בנש,ששון סער,1,1960,רחל (סרט),1960
מרגלית שמיט,ששון סער,1,1960,רחל (סרט),1960
דן שפירא,אלון אבוטבול,1,1999,תיאום כוונות (ספר),1999
